City_ID,City,Country,Date,Lat,Lng,Max Temp,Humidity,Cloudiness,Wind Speed
0,Airai,TL,2021-12-02 23:21:06,-8.9266,125.4092,19.9,67,99,0.22
1,Bengkulu,ID,2021-12-02 23:21:06,-3.8004,102.2655,23.91,83,91,1.74
2,Albany,US,2021-12-02 23:21:07,42.6001,-73.9662,11.45,83,100,0.89
3,Port Alfred,ZA,2021-12-02 23:21:07,-33.5906,26.891,17.27,69,100,9.48
4,Bluff,NZ,2021-12-02 23:21:07,-46.6,168.3333,19.33,79,69,0.87
5,Snihurivka,UA,2021-12-02 23:21:07,47.0758,32.8052,9.02,92,100,5.59
6,Kahului,US,2021-12-02 23:21:08,20.8947,-156.47,29.59,67,40,4.63
7,Bilma,NE,2021-12-02 23:21:08,18.6853,12.9164,20.7,19,1,3.49
8,Punta Arenas,CL,2021-12-02 23:17:14,-53.15,-70.9167,11.73,57,75,9.77
9,Broome,US,2021-12-02 23:21:09,42.2506,-75.833,10.89,76,90,2.24
10,Hilo,US,2021-12-02 23:18:22,19.7297,-155.09,28.22,77,40,5.14
11,Cape Town,ZA,2021-12-02 23:21:09,-33.9258,18.4232,16.26,66,20,0.89
12,Busselton,AU,2021-12-02 23:21:09,-33.65,115.3333,15.58,66,0,7.18
13,Vilshofen,DE,2021-12-02 23:21:10,48.6333,13.1833,2.34,94,99,3.35
14,Thompson,CA,2021-12-02 23:21:10,55.7435,-97.8558,-24.91,77,20,1.03
15,Ostrovnoy,RU,2021-12-02 23:21:10,68.0531,39.5131,-3.27,72,100,8.98
16,Santa Isabel,BR,2021-12-02 23:21:10,-23.3156,-46.2214,20.92,96,73,2.36
17,Hermanus,ZA,2021-12-02 23:21:11,-34.4187,19.2345,12.67,80,5,5.07
18,Nikolskoye,RU,2021-12-02 23:21:11,59.7035,30.7861,-15.05,93,100,1.78
19,Avera,US,2021-12-02 23:21:11,33.194,-82.5271,19.84,56,2,3.19
20,Ushuaia,AR,2021-12-02 23:21:12,-54.8,-68.3,8.81,61,75,12.35
21,Puerto Ayora,EC,2021-12-02 23:21:12,-0.7393,-90.3518,20.93,83,85,3.61
22,Porto Novo,BJ,2021-12-02 23:21:12,6.4965,2.6036,28.9,82,80,3.03
23,Fortuna,US,2021-12-02 23:21:13,40.5982,-124.1573,11.48,100,90,0.0
24,Ancud,CL,2021-12-02 23:21:13,-41.8697,-73.8203,12.74,64,67,3.93
25,Sitka,US,2021-12-02 23:19:00,57.0531,-135.33,-0.06,86,90,7.72
26,Lebu,CL,2021-12-02 23:21:13,-37.6167,-73.65,12.23,73,96,8.8
27,Tasiilaq,GL,2021-12-02 23:21:14,65.6145,-37.6368,-10.38,57,26,3.51
28,Sao Filipe,CV,2021-12-02 23:21:14,14.8961,-24.4956,23.81,68,99,4.64
29,Matina,CR,2021-12-02 23:21:14,10.0761,-83.2895,25.93,85,77,0.77
30,Carnarvon,AU,2021-12-02 23:21:14,-24.8667,113.6333,22.04,73,75,9.77
31,Mataura,NZ,2021-12-02 23:21:15,-46.1927,168.8643,19.15,50,77,0.48
32,Kapaa,US,2021-12-02 23:20:09,22.0752,-159.319,28.18,77,75,0.45
33,Lavrentiya,RU,2021-12-02 23:21:15,65.5833,-171.0,-17.22,94,100,2.83
34,Ngaoundere,CM,2021-12-02 23:21:15,7.3167,13.5833,20.85,28,82,1.38
35,Mocuba,MZ,2021-12-02 23:21:16,-16.8392,36.9856,25.16,70,13,2.56
36,Karratha,AU,2021-12-02 23:21:16,-20.7377,116.8463,29.59,28,30,6.03
37,Salalah,OM,2021-12-02 23:21:16,17.0151,54.0924,23.05,60,0,3.09
38,Dauphin,CA,2021-12-02 23:21:17,51.1494,-100.0502,-7.92,86,75,3.6
39,Lazaro Cardenas,MX,2021-12-02 23:21:17,17.9583,-102.2,27.89,74,3,3.1
40,Butaritari,KI,2021-12-02 23:21:17,3.0707,172.7902,27.7,74,68,5.7
41,Saint George,US,2021-12-02 23:21:01,37.1041,-113.5841,21.85,22,1,1.34
42,Linxia,CN,2021-12-02 23:21:17,35.6003,103.2064,-2.34,66,89,0.79
43,Sambava,MG,2021-12-02 23:21:18,-14.2667,50.1667,22.74,83,0,4.18
44,Alyangula,AU,2021-12-02 23:21:18,-13.8483,136.4192,30.91,66,100,3.04
45,Cabo San Lucas,MX,2021-12-02 23:22:19,22.8909,-109.9124,31.17,51,1,1.79
46,Vaini,TO,2021-12-02 23:22:19,-21.2,-175.2,29.09,79,40,5.66
47,Ribeira Grande,PT,2021-12-02 23:22:19,38.5167,-28.7,18.58,82,51,4.92
48,Saint-Philippe,RE,2021-12-02 23:22:19,-21.3585,55.7679,24.77,86,58,5.45
49,Pevek,RU,2021-12-02 23:22:20,69.7008,170.3133,-12.97,92,100,4.2
50,Saskylakh,RU,2021-12-02 23:22:20,71.9167,114.0833,-42.67,100,61,2.07
51,Yulara,AU,2021-12-02 23:22:20,-25.2406,130.9889,31.91,18,1,6.17
52,Mahebourg,MU,2021-12-02 23:22:21,-20.4081,57.7,25.16,94,40,3.6
53,Manati,PR,2021-12-02 23:22:21,18.4275,-66.4921,27.77,85,12,4.98
54,Pringsewu,ID,2021-12-02 23:22:22,-5.3582,104.9744,23.19,92,86,0.97
55,Dunedin,NZ,2021-12-02 23:22:22,-45.8742,170.5036,17.54,80,83,5.22
56,New Norfolk,AU,2021-12-02 23:22:22,-42.7826,147.0587,17.18,44,21,1.79
57,Kruisfontein,ZA,2021-12-02 23:22:22,-34.0033,24.7314,15.49,80,90,6.61
58,Centralia,US,2021-12-02 23:18:57,46.7162,-122.9543,9.61,75,20,1.54
59,Jamestown,US,2021-12-02 23:22:23,42.097,-79.2353,6.83,69,90,4.47
60,Seymchan,RU,2021-12-02 23:22:23,62.8833,152.4333,-29.03,93,100,2.65
61,Chuy,UY,2021-12-02 23:22:24,-33.6971,-53.4616,15.63,77,27,3.84
62,Half Moon Bay,US,2021-12-02 23:22:24,37.4636,-122.4286,23.07,73,40,0.0
63,Bharatpur,IN,2021-12-02 23:22:24,27.2167,77.4833,16.36,53,74,1.97
64,Ponta Do Sol,PT,2021-12-02 23:22:25,32.6667,-17.1,18.35,63,2,3.52
65,Port Elizabeth,ZA,2021-12-02 23:18:15,-33.918,25.5701,16.72,77,40,7.2
66,Holzminden,DE,2021-12-02 23:22:25,51.828,9.4455,1.18,90,55,2.02
67,Luba,GQ,2021-12-02 23:18:09,3.4568,8.5547,26.85,81,84,1.64
68,Rabak,SD,2021-12-02 23:22:25,13.1809,32.74,26.72,30,0,4.69
69,Avarua,CK,2021-12-02 23:22:26,-21.2078,-159.775,23.03,94,90,7.2
70,Pingzhuang,CN,2021-12-02 23:22:26,42.0372,119.2889,-5.37,58,5,1.29
71,Hambantota,LK,2021-12-02 23:22:26,6.1241,81.1185,24.8,87,17,1.61
72,Youkounkoun,GN,2021-12-02 23:22:27,12.5333,-13.1333,25.63,20,14,0.44
73,Nuuk,GL,2021-12-02 23:22:27,64.1835,-51.7216,-3.4,73,100,4.92
74,East London,ZA,2021-12-02 23:22:27,-33.0153,27.9116,17.76,66,100,8.58
75,Vostok,RU,2021-12-02 23:22:27,46.4856,135.8833,-10.39,97,100,1.42
76,Yellowknife,CA,2021-12-02 23:22:28,62.456,-114.3525,-15.33,92,75,4.12
77,Clyde,US,2021-12-02 23:22:28,41.3042,-82.9752,9.74,62,85,6.9
78,Bagdarin,RU,2021-12-02 23:22:28,54.4333,113.6,-22.01,93,29,1.73
79,Arraial Do Cabo,BR,2021-12-02 23:22:29,-22.9661,-42.0278,22.98,83,75,3.6
80,Talnakh,RU,2021-12-02 23:22:29,69.4865,88.3972,-17.04,85,100,0.85
81,Hobart,AU,2021-12-02 23:19:40,-42.8794,147.3294,17.37,53,40,0.45
82,Vadso,NO,2021-12-02 23:22:29,70.0744,29.7487,-4.51,71,61,6.14
83,Torbay,CA,2021-12-02 23:22:30,47.6666,-52.7314,5.71,89,75,4.63
84,Guabito,PA,2021-12-02 23:22:30,9.5,-82.6167,25.94,84,80,1.62
85,Tukrah,LY,2021-12-02 23:22:30,32.5341,20.5791,15.98,59,100,9.02
86,Tessalit,ML,2021-12-02 23:22:31,20.1986,1.0114,21.98,14,23,1.3
87,Shache,CN,2021-12-02 23:22:31,38.4167,77.2406,-2.88,36,0,1.27
88,Vicksburg,US,2021-12-02 23:20:18,32.3526,-90.8779,22.82,61,1,0.0
89,Kishtwar,IN,2021-12-02 23:23:31,33.3167,75.7667,6.18,52,29,2.1
90,Rikitea,PF,2021-12-02 23:19:16,-23.1203,-134.9692,24.77,74,1,6.98
91,Flin Flon,CA,2021-12-02 23:20:23,54.7682,-101.865,-13.09,78,90,3.09
92,Fairbanks,US,2021-12-02 23:23:32,64.8378,-147.7164,-21.5,77,75,0.0
93,Severo-Kurilsk,RU,2021-12-02 23:23:32,50.6789,156.125,1.75,70,22,11.11
94,Opuwo,NA,2021-12-02 23:23:33,-18.0607,13.84,20.38,37,81,0.83
95,Kodiak,US,2021-12-02 23:23:33,57.79,-152.4072,-7.27,53,1,8.75
96,Ketchikan,US,2021-12-02 23:20:43,55.3422,-131.6461,1.26,86,40,2.57
97,Pirenopolis,BR,2021-12-02 23:23:33,-15.8525,-48.9592,23.27,95,91,0.29
98,Hithadhoo,MV,2021-12-02 23:23:33,-0.6,73.0833,27.71,76,86,3.8
99,Tongchuan,CN,2021-12-02 23:23:34,35.0806,109.0897,1.74,26,0,2.37
100,Lichuan,CN,2021-12-02 23:23:34,30.3,108.85,2.79,81,94,0.44
101,Talavera De La Reina,ES,2021-12-02 23:23:34,39.9635,-4.8308,3.56,75,5,0.3
102,Sampit,ID,2021-12-02 23:23:35,-2.5333,112.95,24.08,93,100,0.87
103,Atuona,PF,2021-12-02 23:21:47,-9.8,-139.0333,25.99,76,71,9.34
104,Port Charlotte,US,2021-12-02 23:23:35,26.9762,-82.0906,22.21,71,1,2.06
105,Xacmaz,AZ,2021-12-02 23:23:35,41.4635,48.806,5.37,73,41,2.53
106,Skelmersdale,GB,2021-12-02 23:23:36,53.5502,-2.7735,3.71,90,99,0.89
107,Formosa,AR,2021-12-02 23:23:36,-26.1775,-58.1781,24.99,61,0,2.57
108,Margate,GB,2021-12-02 23:23:36,51.3813,1.3862,2.2,74,41,0.45
109,Vila Velha,BR,2021-12-02 23:23:37,-20.3297,-40.2925,24.41,85,75,1.34
110,Dikson,RU,2021-12-02 23:23:37,73.5069,80.5464,-23.45,88,100,3.89
111,Moose Factory,CA,2021-12-02 23:23:37,51.2585,-80.6094,-13.0,61,1,6.69
112,Port Hardy,CA,2021-12-02 23:23:37,50.6996,-127.4199,5.98,81,75,3.6
113,Hasaki,JP,2021-12-02 23:23:38,35.7333,140.8333,6.16,55,83,5.61
114,Veraval,IN,2021-12-02 23:23:38,20.9,70.3667,18.75,70,0,4.89
115,Kargasok,RU,2021-12-02 23:23:38,59.0556,80.8572,0.69,79,100,6.88
116,Oussouye,SN,2021-12-02 23:23:39,12.485,-16.5469,24.26,68,28,2.42
117,San Jose,US,2021-12-02 23:22:33,37.3394,-121.895,23.29,50,75,0.0
118,Upernavik,GL,2021-12-02 23:23:39,72.7868,-56.1549,-5.97,88,100,14.91
119,Abha,SA,2021-12-02 23:23:39,18.2164,42.5053,9.9,32,0,0.0
120,Biak,ID,2021-12-02 23:23:40,-0.9131,122.8766,26.45,72,99,0.7
121,Bathsheba,BB,2021-12-02 23:23:40,13.2167,-59.5167,27.34,74,20,7.2
122,Lompoc,US,2021-12-02 23:23:40,34.6391,-120.4579,23.4,82,1,4.12
123,Khatanga,RU,2021-12-02 23:23:40,71.9667,102.5,-38.88,100,67,3.22
124,Kenai,US,2021-12-02 23:23:41,60.5544,-151.2583,-9.36,77,1,0.0
125,Turukhansk,RU,2021-12-02 23:23:41,65.8167,87.9833,-1.77,98,100,5.73
126,Alofi,NU,2021-12-02 23:23:41,-19.0595,-169.9187,25.94,89,75,6.69
127,Richards Bay,ZA,2021-12-02 23:23:42,-28.783,32.0377,22.68,88,99,3.51
128,Maxixe,MZ,2021-12-02 23:23:42,-23.8597,35.3472,23.14,94,21,3.56
129,Jibuti,DJ,2021-12-02 23:23:42,11.5,42.5,21.68,66,0,6.66
130,Homer,US,2021-12-02 23:23:42,59.6425,-151.5483,-7.07,73,1,2.06
131,Coria,ES,2021-12-02 23:23:43,39.9879,-6.5377,7.47,77,2,2.18
132,Barrow,US,2021-12-02 23:23:43,71.2906,-156.7887,-22.99,70,90,3.6
133,Longyearbyen,SJ,2021-12-02 23:22:23,78.2186,15.6401,-3.09,63,40,2.57
134,Yichun,CN,2021-12-02 23:23:43,47.7,128.9,-21.81,99,83,1.43
135,Spring,US,2021-12-02 23:23:50,30.0799,-95.4172,24.47,76,75,0.89
136,Palmer,US,2021-12-02 23:24:44,42.1584,-72.3287,12.01,69,90,2.24
137,Tautira,PF,2021-12-02 23:24:44,-17.7333,-149.15,31.01,74,52,9.36
138,Durusu,TR,2021-12-02 23:24:44,41.3053,28.6767,14.52,77,25,2.24
139,Ormara,PK,2021-12-02 23:24:45,25.2088,64.6357,23.08,47,0,3.1
140,Vestmannaeyjar,IS,2021-12-02 23:24:45,63.4427,-20.2734,5.36,65,100,12.32
141,Mega,ET,2021-12-02 23:24:45,4.05,38.3,15.61,67,43,4.18
142,Qaanaaq,GL,2021-12-02 23:24:46,77.484,-69.3632,-11.63,69,99,2.56
143,Klaksvik,FO,2021-12-02 23:24:46,62.2266,-6.589,3.51,97,100,10.84
144,Mount Gambier,AU,2021-12-02 23:24:46,-37.8333,140.7667,15.95,55,90,3.09
145,Macau,MO,2021-12-02 23:24:47,22.2006,113.5461,16.15,55,0,8.75
146,Samarai,PG,2021-12-02 23:23:12,-10.6167,150.6667,28.45,77,100,1.3
147,Kandrian,PG,2021-12-02 23:24:47,-6.2167,149.55,30.03,68,64,3.06
148,Induno Olona,IT,2021-12-02 23:24:47,45.848,8.8366,6.16,31,21,5.66
149,Olafsvik,IS,2021-12-02 23:24:48,64.8945,-23.7142,1.51,77,100,11.19
150,Lorengau,PG,2021-12-02 23:24:48,-2.0226,147.2712,28.78,72,85,1.94
151,Tiksi,RU,2021-12-02 23:24:48,71.6872,128.8694,-34.32,100,87,1.11
152,Tecoanapa,MX,2021-12-02 23:21:15,16.5167,-98.75,28.47,69,28,4.31
153,Ulaangom,MN,2021-12-02 23:24:49,49.9811,92.0667,-15.64,80,65,2.06
154,Senno,RU,2021-12-02 23:24:49,59.5336,33.9167,-10.24,93,98,1.84
155,Qandala,SO,2021-12-02 23:24:49,11.472,49.8728,23.14,68,0,1.88
156,Bolshevik,BY,2021-12-02 23:24:49,54.0065,27.5692,0.79,81,92,7.45
157,Comodoro Rivadavia,AR,2021-12-02 23:24:50,-45.8667,-67.5,14.92,36,0,7.2
158,Kunming,CN,2021-12-02 23:24:50,25.0389,102.7183,5.96,100,75,1.0
159,Tuktoyaktuk,CA,2021-12-02 23:24:50,69.4541,-133.0374,-27.0,69,20,7.72
160,Roebourne,AU,2021-12-02 23:24:51,-20.7833,117.1333,31.19,22,33,4.87
161,Komsomolskiy,UZ,2021-12-02 23:24:51,40.4272,71.7189,4.68,52,94,5.14
162,Woodland,US,2021-12-02 23:24:51,38.6785,-121.7733,23.07,62,20,0.89
163,Orzu,TJ,2021-12-02 23:24:52,37.5593,68.8184,5.22,24,54,1.95
164,Noumea,NC,2021-12-02 23:24:52,-22.2763,166.4572,28.89,99,86,3.24
165,Faanui,PF,2021-12-02 23:24:52,-16.4833,-151.75,27.55,74,78,9.5
166,Kavieng,PG,2021-12-02 23:24:53,-2.5744,150.7967,28.53,72,100,1.83
167,Guerrero Negro,MX,2021-12-02 23:24:53,27.9769,-114.0611,21.03,59,0,5.49
168,Chipinge,ZW,2021-12-02 23:24:53,-20.1883,32.6236,18.35,83,8,2.72
169,Silifke,TR,2021-12-02 23:24:53,36.3778,33.9344,11.93,66,0,1.52
170,Nanortalik,GL,2021-12-02 23:24:54,60.1432,-45.2371,-3.6,74,46,10.07
171,Taksimo,RU,2021-12-02 23:24:54,56.3444,114.8794,-18.33,96,99,0.72
172,Grand-Santi,GF,2021-12-02 23:24:54,4.25,-54.3833,22.69,99,97,0.94
173,Lata,PT,2021-12-02 23:24:55,40.1629,-8.3327,9.34,87,0,0.94
174,Salta,AR,2021-12-02 23:20:32,-24.7859,-65.4117,28.16,46,75,1.34
175,Quatre Cocos,MU,2021-12-02 23:24:55,-20.2078,57.7625,25.06,82,44,4.69
176,Norman Wells,CA,2021-12-02 23:24:55,65.282,-126.8329,-24.98,70,75,7.2
177,Goldsboro,US,2021-12-02 23:24:56,35.3849,-77.9928,17.18,50,20,3.6
178,Nizwa,OM,2021-12-02 23:24:56,22.9333,57.5333,17.96,57,42,0.15
179,Geraldton,AU,2021-12-02 23:24:56,-28.7667,114.6,20.23,56,0,6.69
180,Trairi,BR,2021-12-02 23:25:57,-3.2778,-39.2689,27.29,75,97,5.08
181,Rognan,NO,2021-12-02 23:22:12,67.0953,15.3878,-2.84,83,100,2.63
182,Yumen,CN,2021-12-02 23:25:57,40.2833,97.2,-5.23,44,88,3.5
183,Doka,SD,2021-12-02 23:25:57,13.5167,35.7667,24.96,27,0,4.4
184,Adre,TD,2021-12-02 23:25:58,13.4667,22.2,21.09,23,0,7.85
185,Bredasdorp,ZA,2021-12-02 23:25:58,-34.5322,20.0403,12.38,79,9,1.66
186,Polyarnyye Zori,RU,2021-12-02 23:25:58,67.3661,32.4981,-12.52,96,86,2.41
187,Nesna,NO,2021-12-02 23:25:58,66.1967,13.0213,-4.07,79,100,5.19
188,Wexford,IE,2021-12-02 23:25:59,52.3342,-6.4575,9.76,97,100,8.41
189,Georgetown,MY,2021-12-02 23:25:59,5.4112,100.3354,24.97,93,40,1.03
190,Sainte-Maxime,FR,2021-12-02 23:25:59,43.3,6.6333,9.02,43,10,3.99
191,Yuanping,CN,2021-12-02 23:26:00,38.7153,112.7575,-1.31,43,0,1.61
192,Ugoofaaru,MV,2021-12-02 23:26:00,5.6667,73.0,27.6,79,12,2.27
193,Constitucion,CL,2021-12-02 23:26:00,-35.3333,-72.4167,15.96,69,100,6.99
194,Vardo,NO,2021-12-02 23:26:01,70.3705,31.1107,-2.09,60,100,7.06
195,Mariental,NA,2021-12-02 23:26:01,-24.6333,17.9667,25.93,24,80,3.03
196,Sao Joao Da Barra,BR,2021-12-02 23:26:01,-21.6403,-41.0511,22.63,85,26,3.8
197,Grindavik,IS,2021-12-02 23:26:02,63.8424,-22.4338,1.97,100,75,8.75
198,Acapulco,MX,2021-12-02 23:26:02,16.8634,-99.8901,28.9,65,1,4.12
199,Leningradskiy,RU,2021-12-02 23:26:02,69.3833,178.4167,-17.38,94,100,6.75
200,Pisco,PE,2021-12-02 23:26:03,-13.7,-76.2167,20.03,83,0,8.75
201,Impfondo,CG,2021-12-02 23:26:03,1.6381,18.0667,22.7,97,100,0.76
202,Maniitsoq,GL,2021-12-02 23:26:03,65.4167,-52.9,-1.48,60,100,6.08
203,Toora-Khem,RU,2021-12-02 23:26:04,52.4675,96.11,-21.52,100,78,0.4
204,Fayaoue,NC,2021-12-02 23:26:04,-20.65,166.5333,27.14,74,86,6.77
205,Staryy Nadym,RU,2021-12-02 23:26:04,65.6118,72.6842,-16.57,96,100,4.08
206,Tucurui,BR,2021-12-02 23:26:04,-3.7661,-49.6725,27.64,71,95,0.72
207,Barhi,IN,2021-12-02 23:26:05,23.9,80.8,14.17,50,52,1.45
208,Nava,MX,2021-12-02 23:26:05,28.4167,-100.7667,27.21,50,20,2.24
209,Beloha,MG,2021-12-02 23:26:05,-25.1667,45.05,23.03,77,6,3.86
210,Saint-Augustin,CA,2021-12-02 23:26:06,51.226,-58.6502,-2.88,88,97,1.44
211,Vila Franca Do Campo,PT,2021-12-02 23:26:06,37.7167,-25.4333,15.66,83,30,0.69
212,Gornopravdinsk,RU,2021-12-02 23:26:06,60.05,69.9,-5.09,93,100,4.31
213,Isla Mujeres,MX,2021-12-02 23:26:06,21.2311,-86.731,25.09,79,68,6.1
214,Castro,BR,2021-12-02 23:26:07,-24.7911,-50.0119,16.21,97,53,3.3
215,Carndonagh,IE,2021-12-02 23:26:07,55.25,-7.2667,6.76,98,100,3.62
216,Pontianak,ID,2021-12-02 23:26:07,-0.0333,109.3333,24.99,94,40,1.54
217,Rio Gallegos,AR,2021-12-02 23:26:08,-51.6226,-69.2181,14.03,38,0,12.35
218,Lugoba,TZ,2021-12-02 23:26:08,-6.45,38.3333,20.68,95,8,0.58
219,Tawang,IN,2021-12-02 23:26:08,27.5833,91.8667,4.24,82,43,1.88
220,Butembo,CD,2021-12-02 23:26:09,0.15,29.2833,14.04,96,96,1.51
221,Faya,SA,2021-12-02 23:26:09,18.3851,42.4509,10.06,33,0,0.5
222,Kalmunai,LK,2021-12-02 23:26:09,7.4167,81.8167,24.35,90,98,2.53
223,Ironton,US,2021-12-02 23:26:10,38.5368,-82.6829,19.53,45,20,3.09
224,High Level,CA,2021-12-02 23:27:10,58.5169,-117.136,-13.94,85,90,3.09
225,Tekeli,KZ,2021-12-02 23:27:10,44.83,78.8239,2.12,54,22,5.7
226,Pangnirtung,CA,2021-12-02 23:27:11,66.1451,-65.7125,-7.0,86,90,1.54
227,Leca Da Palmeira,PT,2021-12-02 23:27:11,41.191,-8.7003,8.44,80,3,0.89
228,Barentu,ER,2021-12-02 23:27:11,15.1139,37.5928,20.92,60,0,1.96
229,Loa Janan,ID,2021-12-02 23:27:11,-0.583,117.095,24.41,97,99,0.65
230,Robertsport,LR,2021-12-02 23:27:12,6.7533,-11.3686,27.35,80,84,3.33
231,Chokurdakh,RU,2021-12-02 23:27:12,70.6333,147.9167,-34.6,99,98,3.86
232,Chinchani,IN,2021-12-02 23:27:12,19.8667,72.7,21.73,82,62,2.54
233,Cherskiy,RU,2021-12-02 23:27:13,68.75,161.3,-19.93,99,100,4.04
234,Novyy Urengoy,RU,2021-12-02 23:27:13,66.0833,76.6333,-12.24,96,100,3.9
235,Nyagan,RU,2021-12-02 23:27:13,62.1406,65.3936,-14.76,97,92,1.89
236,Harrison,US,2021-12-02 23:27:14,30.4091,-89.0436,20.08,81,1,1.54
237,Simao,CN,2021-12-02 23:27:14,22.7886,100.9748,8.57,94,23,1.09
238,Rondon,BR,2021-12-02 23:27:14,-23.4172,-52.7722,24.63,46,1,2.23
239,Belaya Gora,RU,2021-12-02 23:27:14,68.5333,146.4167,-29.89,95,100,4.47
240,Necochea,AR,2021-12-02 23:27:15,-38.5473,-58.7368,23.35,52,15,8.44
241,San Quintin,MX,2021-12-02 23:27:15,30.4833,-115.95,18.9,69,0,4.38
242,Lichinga,MZ,2021-12-02 23:27:15,-13.3128,35.2406,17.63,71,0,1.63
243,Te Anau,NZ,2021-12-02 23:27:16,-45.4167,167.7167,14.55,97,95,0.41
244,Saint-Georges,GD,2021-12-02 23:27:16,12.0564,-61.7485,25.82,89,20,5.14
245,Bang Saphan,TH,2021-12-02 23:27:16,11.2126,99.5117,24.97,78,25,4.9
246,Mar Del Plata,AR,2021-12-02 23:27:17,-38.0023,-57.5575,19.49,86,0,0.89
247,Bagan,RU,2021-12-02 23:27:17,54.1001,77.6646,-0.33,79,95,7.22
248,Turbat,PK,2021-12-02 23:27:17,26.0023,63.044,19.31,63,1,0.92
249,Fuerte Olimpo,PY,2021-12-02 23:27:18,-21.0415,-57.8738,27.63,69,45,1.92
250,Cayenne,GF,2021-12-02 23:27:18,4.9333,-52.3333,24.02,92,0,0.51
251,Gat,IL,2021-12-02 23:27:18,31.61,34.7642,14.9,60,5,2.29
252,Bonfim,BR,2021-12-02 23:27:18,3.0833,-59.95,25.74,73,91,2.81
253,Presidencia Roque Saenz Pena,AR,2021-12-02 23:27:19,-26.7852,-60.4388,24.36,55,1,2.97
254,Victoria,HK,2021-12-02 23:23:27,22.2855,114.1577,16.81,37,5,0.45
255,Ngunguru,NZ,2021-12-02 23:27:19,-35.6167,174.5,23.42,81,100,5.32
256,Port Blair,IN,2021-12-02 23:26:26,11.6667,92.75,26.42,82,87,6.17
257,Tual,ID,2021-12-02 23:27:19,-5.6667,132.75,28.14,73,100,1.89
258,Katsuura,JP,2021-12-02 23:27:20,35.1333,140.3,11.73,64,75,4.84
259,Naze,JP,2021-12-02 23:27:20,28.3667,129.4833,15.51,58,50,5.95
260,Ahipara,NZ,2021-12-02 23:27:21,-35.1667,173.1667,22.96,60,100,1.93
261,Laguna,US,2021-12-02 23:27:21,38.421,-121.4238,23.03,65,1,0.89
262,Caravelas,BR,2021-12-02 23:27:21,-17.7125,-39.2481,24.68,87,33,4.59
263,Sasd,HU,2021-12-02 23:27:21,46.2552,18.1078,3.41,97,100,5.07
264,Suntar,RU,2021-12-02 23:27:22,62.1444,117.6319,-33.25,99,15,1.54
265,Yangjiang,CN,2021-12-02 23:27:22,21.85,111.9667,11.97,48,6,2.45
266,Salinopolis,BR,2021-12-02 23:27:22,-0.6136,-47.3561,26.21,84,85,3.78
267,Nara,JP,2021-12-02 23:27:23,34.6851,135.8049,7.76,63,55,0.44
268,Khed Brahma,IN,2021-12-02 23:27:23,24.0333,73.05,14.8,65,0,2.82
269,Esperance,AU,2021-12-02 23:27:23,-33.8667,121.9,18.91,67,90,4.91
270,Sobolevo,RU,2021-12-02 23:28:24,54.4299,31.8996,1.33,92,68,6.03
271,Nyurba,RU,2021-12-02 23:28:24,63.2842,118.3319,-36.22,100,57,1.65
272,Olinda,BR,2021-12-02 23:28:24,-8.0089,-34.8553,27.85,74,40,2.57
273,Cidreira,BR,2021-12-02 23:28:24,-30.1811,-50.2056,19.59,70,89,4.96
274,Orange Walk,BZ,2021-12-02 23:28:25,17.8333,-88.8333,27.92,78,89,1.25
275,Lowestoft,GB,2021-12-02 23:28:25,52.4752,1.7516,2.19,88,73,5.66
276,San Patricio,US,2021-12-02 23:28:25,28.017,-97.5169,26.99,73,61,3.54
277,Ust-Tsilma,RU,2021-12-02 23:28:26,65.441,52.1498,-12.64,95,100,3.67
278,Udachnyy,RU,2021-12-02 23:28:26,66.4167,112.4,-38.78,100,55,2.13
279,Petropavlovsk-Kamchatskiy,RU,2021-12-02 23:28:26,53.0452,158.6483,-1.67,74,75,6.0
280,San Cristobal,VE,2021-12-02 23:28:26,7.7669,-72.225,22.1,88,76,1.17
281,Bethel,US,2021-12-02 23:25:00,41.3712,-73.414,12.67,74,99,0.89
282,Buritama,BR,2021-12-02 23:28:27,-21.0661,-50.1472,27.91,44,70,2.71
283,Alihe,CN,2021-12-02 23:28:27,50.5667,123.7167,-17.58,82,6,1.8
284,Chiredzi,ZW,2021-12-02 23:28:27,-21.05,31.6667,23.98,52,1,3.33
285,Marawi,PH,2021-12-02 23:28:28,7.9986,124.2928,19.8,93,100,1.0
286,Yarmouth,US,2021-12-02 23:28:28,41.7057,-70.2286,12.88,90,75,5.66
287,Boyolangu,ID,2021-12-02 23:28:28,-8.1181,111.8935,25.42,89,100,1.07
288,Bay City,US,2021-12-02 23:26:57,43.5945,-83.8889,5.32,70,90,7.2
289,Talcahuano,CL,2021-12-02 23:25:15,-36.7167,-73.1167,13.82,77,0,6.17
290,Port Lincoln,AU,2021-12-02 23:28:29,-34.7333,135.8667,15.73,64,100,4.07
291,Coquimbo,CL,2021-12-02 23:28:29,-29.9533,-71.3436,15.85,77,75,4.12
292,Aksu,CN,2021-12-02 23:28:29,41.1231,80.2644,-4.49,55,0,1.21
293,Morgan City,US,2021-12-02 23:28:30,29.6994,-91.2068,22.22,83,1,2.57
294,Newark,US,2021-12-02 23:28:30,40.7357,-74.1724,15.55,63,75,6.69
295,Salym,RU,2021-12-02 23:28:30,60.0625,71.4789,0.18,97,100,4.9
296,Lethem,GY,2021-12-02 23:28:31,3.3803,-59.7968,24.75,79,100,3.64
297,Andenes,NO,2021-12-02 23:28:31,69.3143,16.1194,-1.01,64,99,8.23
298,Bandarban,BD,2021-12-02 23:28:31,22.1965,92.2262,17.02,74,84,1.35
299,La Ronge,CA,2021-12-02 23:28:32,55.1001,-105.2842,-8.86,92,90,3.09
300,Flinders,AU,2021-12-02 23:28:32,-34.5833,150.8552,28.78,76,1,4.93
301,Bubaque,GW,2021-12-02 23:28:32,11.2833,-15.8333,27.7,64,73,5.32
302,Ferrol,ES,2021-12-02 23:28:32,43.4832,-8.2369,12.04,74,52,3.67
303,Winona,US,2021-12-02 23:28:33,43.9666,-91.7668,6.15,64,1,1.54
304,Egvekinot,RU,2021-12-02 23:28:33,66.3167,-179.1667,-12.56,96,100,6.76
305,Eyl,SO,2021-12-02 23:28:33,7.9803,49.8164,23.63,71,3,5.05
306,La Rioja,ES,2021-12-02 23:28:33,42.25,-2.5,3.05,98,100,6.86
307,Havoysund,NO,2021-12-02 23:28:34,70.9963,24.6622,-5.51,82,100,3.55
308,Vega De Alatorre,MX,2021-12-02 23:28:34,20.0333,-96.6333,24.23,78,22,2.08
309,Ballitoville,ZA,2021-12-02 23:28:34,-29.539,31.2144,22.31,83,20,1.03
310,Mehamn,NO,2021-12-02 23:28:35,71.0357,27.8492,-3.58,70,100,4.12
311,Pangoa,PE,2021-12-02 23:28:35,-12.1167,-73.0,21.51,90,100,0.35
312,Morondava,MG,2021-12-02 23:28:35,-20.2833,44.2833,25.31,72,9,1.17
313,Gambela,ET,2021-12-02 23:28:36,8.25,34.5833,26.6,45,38,1.6
314,Vryburg,ZA,2021-12-02 23:28:36,-26.9566,24.7284,20.94,69,66,8.54
315,Dno,RU,2021-12-02 23:28:36,57.8277,29.9637,-3.39,97,100,2.44
316,Vao,NC,2021-12-02 23:28:36,-22.6667,167.4833,24.57,79,89,7.42
317,Hofn,IS,2021-12-02 23:29:37,64.2539,-15.2082,1.99,61,41,3.23
318,Luchegorsk,RU,2021-12-02 23:29:37,46.4764,134.2569,-12.3,91,100,3.1
319,Kualakapuas,ID,2021-12-02 23:29:37,-3.0091,114.3876,27.09,95,98,0.8
320,Mayo,US,2021-12-02 23:29:38,38.8876,-76.5119,18.99,56,40,0.89
321,Saint Anthony,US,2021-12-02 23:29:38,45.0205,-93.218,6.63,62,75,0.45
322,Manono,CD,2021-12-02 23:29:38,-7.3,27.4167,20.58,92,77,0.42
323,Muzhi,RU,2021-12-02 23:29:39,65.3667,64.6667,-16.36,97,100,1.51
324,Tuatapere,NZ,2021-12-02 23:29:39,-46.1333,167.6833,19.34,67,56,1.55
325,Roald,NO,2021-12-02 23:29:39,62.5833,6.1333,-2.78,63,74,4.63
326,Padang,ID,2021-12-02 23:29:40,-0.9492,100.3543,23.03,81,93,1.9
327,Santa Helena De Goias,BR,2021-12-02 23:26:53,-17.8136,-50.5969,26.06,69,96,0.39
328,Mayumba,GA,2021-12-02 23:29:40,-3.432,10.6554,25.22,91,98,1.28
329,Luderitz,NA,2021-12-02 23:29:40,-26.6481,15.1594,17.02,68,58,8.19
330,Axim,GH,2021-12-02 23:29:40,4.8699,-2.2405,26.3,85,25,3.33
331,Kailua,US,2021-12-02 23:29:41,21.4022,-157.7394,28.99,67,8,1.69
332,Abnub,EG,2021-12-02 23:29:41,27.2696,31.1511,14.55,53,81,3.09
333,Touros,BR,2021-12-02 23:29:41,-5.1989,-35.4608,27.5,78,90,6.18
334,Catamarca,AR,2021-12-02 23:29:42,-28.4696,-65.7852,30.43,42,12,2.68
335,Verkhoyansk,RU,2021-12-02 23:29:42,67.5447,133.385,-40.81,99,100,0.81
336,Rafai,CF,2021-12-02 23:29:42,4.95,23.9167,21.83,87,100,1.3
337,Kupang,ID,2021-12-02 23:29:43,-10.1667,123.5833,28.32,94,75,0.51
338,Khanpur,PK,2021-12-02 23:29:43,28.6453,70.6567,15.52,30,0,1.08
339,Sakakah,SA,2021-12-02 23:29:43,29.9697,40.2064,11.76,51,2,2.24
340,Gopalpur,IN,2021-12-02 23:29:43,19.2667,84.9167,21.15,75,95,3.64
341,Honningsvag,NO,2021-12-02 23:29:44,70.9821,25.9704,-1.4,73,100,6.73
342,Along,IN,2021-12-02 23:29:44,28.1667,94.7667,12.34,77,55,0.59
343,Mgandu,TZ,2021-12-02 23:29:44,-5.95,34.1333,18.44,69,38,3.99
344,Bar Harbor,US,2021-12-02 23:29:45,44.3876,-68.2039,11.17,87,90,5.66
345,Houma,US,2021-12-02 23:29:45,29.5958,-90.7195,22.22,80,1,2.57
346,Clyde River,CA,2021-12-02 23:29:45,70.4692,-68.5914,-20.87,77,100,1.54
347,Yining,CN,2021-12-02 23:29:46,29.0361,114.5636,4.91,54,36,0.63
348,Luwuk,ID,2021-12-02 23:29:46,-0.9516,122.7875,27.45,71,99,0.66
349,Sinegorye,RU,2021-12-02 23:29:46,62.0788,150.477,-29.93,99,100,1.99
350,Souillac,MU,2021-12-02 23:29:46,-20.5167,57.5167,25.21,94,40,3.6
351,Harper,LR,2021-12-02 23:29:47,4.375,-7.7169,26.37,84,30,3.13
352,Mount Isa,AU,2021-12-02 23:29:47,-20.7333,139.5,33.87,24,7,6.17
353,Garango,BF,2021-12-02 23:29:47,11.8,-0.5506,26.97,17,1,3.86
354,Narsaq,GL,2021-12-02 23:29:48,60.9167,-46.05,-12.58,83,74,2.45
355,Byron Bay,AU,2021-12-02 23:29:48,-28.65,153.6167,26.6,82,95,5.15
356,Hengshui,CN,2021-12-02 23:29:48,37.7322,115.7011,2.07,47,0,1.87
357,Shiraz,IR,2021-12-02 23:29:48,29.6036,52.5388,7.69,66,0,0.0
358,Olenino,RU,2021-12-02 23:29:49,56.2092,33.4889,0.46,89,99,5.03
359,Khilok,RU,2021-12-02 23:29:49,51.3674,110.4676,-4.5,88,100,5.48
360,Charters Towers,AU,2021-12-02 23:29:49,-20.1,146.2667,30.06,50,92,3.25
361,Yatou,CN,2021-12-02 23:29:50,37.15,122.3833,3.27,54,84,6.61
362,Doembang Nangbuat,TH,2021-12-02 23:29:50,14.8333,100.1,17.7,69,74,2.93
363,Xining,CN,2021-12-02 23:29:50,36.6167,101.7667,-5.06,41,40,1.36
364,Saldanha,ZA,2021-12-02 23:30:50,-33.0117,17.9442,12.03,74,17,6.96
365,Shizuishan,CN,2021-12-02 23:30:51,39.2333,106.7694,-3.97,33,0,1.1
366,Maldonado,UY,2021-12-02 23:30:51,-34.6667,-54.9167,17.66,88,3,4.0
367,Agar,IN,2021-12-02 23:30:51,23.7,76.0167,15.83,54,79,3.3
368,Bukachacha,RU,2021-12-02 23:30:52,52.9833,116.9167,-19.74,91,28,1.6
369,Berlevag,NO,2021-12-02 23:30:52,70.8578,29.0864,-2.63,68,100,4.81
370,Sidney,AU,2021-12-02 23:29:28,-33.8679,151.2073,30.34,67,0,3.13
371,Baruun-Urt,MN,2021-12-02 23:30:53,46.6806,113.2792,-7.93,69,33,3.94
372,Portobelo,PA,2021-12-02 23:30:53,9.55,-79.65,28.23,88,54,4.3
373,Urucara,BR,2021-12-02 23:30:53,-2.5364,-57.76,23.55,97,86,1.03
374,Svarstad,NO,2021-12-02 23:30:54,59.399,9.9698,-3.92,77,70,1.59
375,Casa Nova,BR,2021-12-02 23:30:54,-9.4167,-41.1333,26.99,54,88,4.62
376,Port Macquarie,AU,2021-12-02 23:30:55,-31.4333,152.9167,26.05,64,3,2.48
377,Popondetta,PG,2021-12-02 23:30:55,-8.7537,148.2534,31.76,58,100,1.62
378,Buchanan,LR,2021-12-02 23:30:55,5.8808,-10.0467,25.98,85,87,2.59
379,Chapais,CA,2021-12-02 23:30:56,49.7834,-74.8492,-2.12,97,100,5.53
380,Beringovskiy,RU,2021-12-02 23:30:56,63.05,179.3167,0.47,97,100,10.17
381,Paamiut,GL,2021-12-02 23:30:56,61.994,-49.6678,-5.53,83,100,3.52
382,Umm Lajj,SA,2021-12-02 23:30:57,25.0213,37.2685,22.9,60,97,4.73
383,Chara,RU,2021-12-02 23:30:57,56.9064,118.2631,-27.22,75,4,0.91
384,Anton Lizardo,MX,2021-12-02 23:30:57,19.05,-95.9833,24.56,81,8,3.9
385,Nemuro,JP,2021-12-02 23:30:58,43.3236,145.575,9.78,73,46,14.35
386,Yar-Sale,RU,2021-12-02 23:30:58,66.8333,70.8333,-17.43,95,100,6.15
387,Mitu,CO,2021-12-02 23:30:58,1.1983,-70.1733,22.78,93,99,0.48
388,Naro,IT,2021-12-02 23:30:59,37.2935,13.7936,11.98,74,40,6.07
389,Santa Fe,AR,2021-12-02 23:29:13,-31.6333,-60.7,28.34,40,0,0.89
390,Viedma,AR,2021-12-02 23:30:59,-40.8135,-62.9967,13.79,64,100,5.36
391,Norsup,VU,2021-12-02 23:30:59,-16.0667,167.3833,28.85,72,94,4.92
392,Jalu,LY,2021-12-02 23:31:00,29.0331,21.5482,14.71,53,100,4.74
393,Tura,IN,2021-12-02 23:31:00,25.5198,90.2201,16.15,77,81,1.53
394,Kaitangata,NZ,2021-12-02 23:31:00,-46.2817,169.8464,19.4,81,85,2.31
395,Westport,US,2021-12-02 23:30:09,41.1415,-73.3579,13.87,86,20,0.45
396,Mwinilunga,ZM,2021-12-02 23:31:01,-11.7358,24.4293,17.35,80,83,1.68
397,Ewo,CG,2021-12-02 23:31:01,-0.8725,14.8206,22.46,94,90,1.34
398,Plettenberg Bay,ZA,2021-12-02 23:31:01,-34.0527,23.3716,14.56,81,41,1.8
399,Macusani,PE,2021-12-02 23:31:02,-14.0833,-70.4333,4.6,92,99,1.86
400,Mutoko,ZW,2021-12-02 23:31:02,-17.397,32.2268,19.14,73,4,1.38
401,Shelburne,CA,2021-12-02 23:30:32,44.0787,-80.2041,2.94,96,98,8.75
402,Martapura,ID,2021-12-02 23:31:02,-3.4167,114.85,27.05,89,40,2.06
403,Piacabucu,BR,2021-12-02 23:31:03,-10.4056,-36.4344,26.15,80,74,5.37
404,Korla,CN,2021-12-02 23:31:03,41.7597,86.1469,-4.83,54,0,1.77
405,Lanas,PH,2021-12-02 23:31:03,12.0495,121.9185,27.09,73,95,10.4
406,Kovdor,RU,2021-12-02 23:32:04,67.5662,30.4758,-17.05,100,99,1.67
407,Asau,RO,2021-12-02 23:32:04,46.4333,26.4,4.31,66,44,2.36
408,Jati,PK,2021-12-02 23:32:04,24.3539,68.2671,20.42,63,0,2.68
409,Garden City,US,2021-12-02 23:32:05,42.3256,-83.331,8.0,55,75,5.14
410,Rawson,AR,2021-12-02 23:29:10,-43.3002,-65.1023,13.5,52,2,6.54
411,Bimbo,CF,2021-12-02 23:32:05,4.2567,18.4158,22.18,95,96,1.33
412,Yermakovskoye,RU,2021-12-02 23:32:05,53.2831,92.4003,-14.16,93,23,1.32
413,Iralaya,HN,2021-12-02 23:32:06,15.0,-83.2333,28.05,84,19,5.68
414,Galesong,ID,2021-12-02 23:32:06,-5.3166,119.3661,25.01,71,97,1.21
415,Burnie,AU,2021-12-02 23:32:06,-41.0667,145.9167,17.51,42,1,2.75
416,Okha,RU,2021-12-02 23:27:13,53.5739,142.9478,-13.45,84,64,8.17
417,Terrace,CA,2021-12-02 23:32:07,54.5163,-128.6035,1.35,93,75,7.2
418,Nome,US,2021-12-02 23:31:48,64.5011,-165.4064,-18.96,71,1,4.63
419,Dongsheng,CN,2021-12-02 23:32:07,39.8161,109.9776,-4.57,37,2,3.85
420,Abu Zabad,SD,2021-12-02 23:32:07,12.35,29.25,22.74,32,0,5.67
421,Maues,BR,2021-12-02 23:32:08,-3.3836,-57.7186,23.59,97,93,0.83
422,Natal,BR,2021-12-02 23:28:01,-5.795,-35.2094,28.12,74,20,5.14
423,Yenagoa,NG,2021-12-02 23:32:08,4.9247,6.2642,25.15,91,99,1.77
424,Anadyr,RU,2021-12-02 23:32:08,64.75,177.4833,0.28,100,90,16.99
425,Seydi,TM,2021-12-02 23:32:08,39.4816,62.9137,10.88,62,100,8.03
426,Peterhead,GB,2021-12-02 23:32:09,57.5058,-1.7981,2.22,81,100,7.03
427,Slave Lake,CA,2021-12-02 23:32:09,55.2834,-114.769,-1.01,51,1,12.35
428,Dhuburi,IN,2021-12-02 23:32:09,26.0333,89.9667,17.69,81,74,3.54
429,Goderich,CA,2021-12-02 23:32:10,43.7501,-81.7165,5.51,70,99,10.29
430,Aleksandrovsk-Sakhalinskiy,RU,2021-12-02 23:32:10,50.8975,142.1561,-4.7,68,99,4.63
431,Orlik,RU,2021-12-02 23:32:10,52.5178,99.825,-18.31,81,25,1.27
432,Karatau,KZ,2021-12-02 23:32:11,43.1667,70.4667,12.51,27,100,1.96
433,Beckley,US,2021-12-02 23:27:15,37.7782,-81.1882,16.27,43,75,1.34
434,Aykhal,RU,2021-12-02 23:32:11,66.0,111.5,-31.9,100,78,3.3
435,Wanning,CN,2021-12-02 23:32:11,18.8003,110.3967,16.26,65,6,3.64
436,Krasnoselkup,RU,2021-12-02 23:32:11,65.7,82.4667,0.17,98,100,6.03
437,Umm Kaddadah,SD,2021-12-02 23:32:12,13.6017,26.6876,20.16,33,0,8.3
438,Custoias,PT,2021-12-02 23:32:12,41.1053,-7.321,2.63,85,2,1.67
439,Sao Francisco De Paula,BR,2021-12-02 23:32:12,-29.4481,-50.5836,16.04,91,97,1.33
440,Bikin,RU,2021-12-02 23:32:13,46.8161,134.26,-13.36,91,98,1.88
441,Obzor,BG,2021-12-02 23:32:13,42.8167,27.8833,6.82,77,3,8.39
442,Meulaboh,ID,2021-12-02 23:32:13,4.1363,96.1285,24.75,89,99,1.57
443,Lalmohan,BD,2021-12-02 23:32:14,22.3384,90.7419,21.5,67,73,3.51
444,Aripuana,BR,2021-12-02 23:31:29,-9.1667,-60.6333,23.13,99,94,0.65
445,Alice Springs,AU,2021-12-02 23:30:16,-23.7,133.8833,32.75,21,1,4.12
446,Ibiruba,BR,2021-12-02 23:32:14,-28.6275,-53.0897,17.36,70,0,5.81
447,Porto Santo,PT,2021-12-02 23:32:14,33.072,-16.3415,17.95,72,40,5.14
448,Itacarambi,BR,2021-12-02 23:32:15,-15.1022,-44.0919,23.52,85,75,0.86
449,Sola,VU,2021-12-02 23:32:15,-13.8833,167.55,26.37,94,90,0.0
450,Lashio,MM,2021-12-02 23:32:15,22.9333,97.75,10.82,97,13,0.88
451,San Buenaventura,MX,2021-12-02 23:32:16,27.0833,-101.5333,29.15,41,40,3.09
452,Weiser,US,2021-12-02 23:32:16,44.251,-116.9693,11.13,77,76,0.75
453,Santa Rosalia,MX,2021-12-02 23:32:16,27.3167,-112.2833,21.4,41,0,0.36
454,Casablanca,MA,2021-12-02 23:30:48,33.5928,-7.6192,15.18,72,24,4.02
455,Dzaoudzi,YT,2021-12-02 23:33:17,-12.7887,45.2699,25.94,89,0,2.57
456,Takoradi,GH,2021-12-02 23:33:17,4.8845,-1.7554,26.52,84,39,3.32
457,Akureyri,IS,2021-12-02 23:31:33,65.6835,-18.0878,2.96,70,0,8.23
458,Fort-Shevchenko,KZ,2021-12-02 23:33:17,44.5086,50.263,6.01,70,5,2.39
459,Disraeli,CA,2021-12-02 23:32:14,45.9001,-71.3491,4.01,95,100,4.85
460,The Pas,CA,2021-12-02 23:30:36,53.8251,-101.2541,-12.99,78,90,2.06
461,Zhigansk,RU,2021-12-02 23:33:18,66.7697,123.3711,-39.82,98,40,3.71
462,Grand Gaube,MU,2021-12-02 23:33:18,-20.0064,57.6608,25.22,81,22,0.89
463,Brae,GB,2021-12-02 23:33:18,60.3964,-1.353,3.95,72,100,4.86
464,Saint-Pierre,RE,2021-12-02 23:33:19,-21.3393,55.4781,24.82,83,75,7.2
465,Makakilo City,US,2021-12-02 23:32:17,21.3469,-158.0858,28.18,65,20,3.6
466,Camacha,PT,2021-12-02 23:33:19,33.0833,-16.3333,16.42,72,40,5.14
467,Kajiado,KE,2021-12-02 23:33:19,-1.8524,36.7768,14.4,95,83,4.05
468,Tres Palos,MX,2021-12-02 23:33:19,18.1833,-101.6167,27.34,85,17,1.69
469,Neijiang,CN,2021-12-02 23:33:20,29.5835,105.0622,9.85,75,35,1.04
470,Shelekhov,RU,2021-12-02 23:33:20,52.2139,104.1,-4.79,87,59,1.4
471,Santo Domingo,DO,2021-12-02 23:33:20,18.5001,-69.9886,27.8,79,75,0.89
472,Bakaly,RU,2021-12-02 23:33:21,55.1789,53.8028,-3.32,83,89,6.07
473,Khash,IR,2021-12-02 23:33:21,28.2211,61.2158,10.04,45,79,2.05
474,Stornoway,GB,2021-12-02 23:33:21,58.2093,-6.3865,7.98,92,90,1.79
475,Nichinan,JP,2021-12-02 23:33:22,31.6,131.3667,6.53,69,10,2.12
476,Okato,NZ,2021-12-02 23:33:22,-39.2,173.8833,19.12,80,100,3.28
477,Nsanje,MW,2021-12-02 23:33:22,-16.92,35.262,24.47,83,8,1.45
478,Springfield,US,2021-12-02 23:31:12,37.2153,-93.2982,17.92,45,1,3.6
479,Villazon,BO,2021-12-02 23:33:23,-22.0866,-65.5942,13.3,56,81,5.34
480,Codrington,AU,2021-12-02 23:33:23,-38.2667,141.9667,16.39,57,35,4.77
481,Ranibennur,IN,2021-12-02 23:33:23,14.6167,75.6167,20.35,92,42,1.19
482,Druzhba,UA,2021-12-02 23:33:24,52.0428,33.9453,0.81,93,100,4.26
483,Ginda,IN,2021-12-02 23:33:24,30.6945,78.4932,10.52,82,100,0.89
484,Erenhot,CN,2021-12-02 23:33:24,43.6475,111.9767,-5.75,54,1,4.4
485,At-Bashi,KG,2021-12-02 23:33:24,41.1702,75.8106,-9.33,47,13,1.47
486,Mandera,KE,2021-12-02 23:33:25,3.9366,41.867,26.83,60,18,6.07
487,Riberalta,BO,2021-12-02 23:33:25,-10.9833,-66.1,27.11,78,75,0.0
488,Russell,US,2021-12-02 23:30:32,32.3502,-85.1999,18.84,59,1,0.0
489,Budogoshch,RU,2021-12-02 23:33:25,59.2816,32.4707,-8.81,92,97,2.47
490,Mareeba,AU,2021-12-02 23:33:26,-17.0,145.4333,30.27,69,92,2.23
491,Dingle,PH,2021-12-02 23:33:26,10.9995,122.6711,25.43,86,83,4.53
492,Zhangye,CN,2021-12-02 23:33:26,38.9342,100.4517,-4.98,45,78,0.72
493,Provideniya,RU,2021-12-02 23:33:26,64.3833,-173.3,-10.91,85,90,5.0
494,Rio Grande,BR,2021-12-02 23:33:27,-32.035,-52.0986,18.3,72,7,5.17
495,Husavik,IS,2021-12-02 23:33:27,66.0449,-17.3389,2.95,81,100,5.96
496,Nhulunbuy,AU,2021-12-02 23:33:27,-12.2333,136.7667,31.34,70,75,3.6
497,Amurzet,RU,2021-12-02 23:33:28,47.6967,131.0981,-17.62,88,16,3.02
498,Inirida,CO,2021-12-02 23:33:28,3.8653,-67.9239,23.25,93,99,0.4
499,Santa Rosa,PH,2021-12-02 23:33:28,14.3122,121.1114,26.03,70,84,5.86
500,Goianesia,BR,2021-12-02 23:33:29,-15.3175,-49.1175,22.2,92,100,0.27
501,Walvis Bay,NA,2021-12-02 23:33:29,-22.9575,14.5053,15.53,77,56,5.14
502,Minab,IR,2021-12-02 23:33:29,27.1467,57.0801,18.72,67,3,2.34
503,Namatanai,PG,2021-12-02 23:34:29,-3.6667,152.4333,28.92,72,95,1.63
504,Hobyo,SO,2021-12-02 23:34:30,5.3505,48.5268,25.3,72,35,5.96
505,Riyadh,SA,2021-12-02 23:32:49,24.6877,46.7219,16.08,50,20,5.79
506,Atherton,GB,2021-12-02 23:33:52,53.5237,-2.4935,3.42,87,99,0.45
507,Aklavik,CA,2021-12-02 23:34:30,68.2191,-135.0107,-27.0,69,75,5.14
508,Dwarka,IN,2021-12-02 23:34:30,22.2394,68.9678,21.76,60,0,6.0
509,Srednekolymsk,RU,2021-12-02 23:34:31,67.45,153.6833,-25.95,98,100,6.52
510,Banda Aceh,ID,2021-12-02 23:34:31,5.5577,95.3222,25.69,83,99,1.48
511,Nanakuli,US,2021-12-02 23:34:31,21.3906,-158.1547,28.97,65,20,3.6
512,Vung Tau,VN,2021-12-02 23:34:32,10.346,107.0843,23.62,84,92,4.31
513,Nantucket,US,2021-12-02 23:31:22,41.2835,-70.0995,12.27,87,75,6.69
514,Mayor Pablo Lagerenza,PY,2021-12-02 23:34:32,-19.9309,-60.7718,27.59,69,70,1.23
515,Saint-Ambroise,CA,2021-12-02 23:34:32,48.5501,-71.3324,1.3,93,100,2.57
516,Phan Thiet,VN,2021-12-02 23:34:33,10.9333,108.1,22.81,80,83,1.77
517,Kitimat,CA,2021-12-02 23:34:33,54.0524,-128.6534,1.62,60,100,0.45
518,Puquio,PE,2021-12-02 23:34:33,-14.7,-74.1333,10.62,81,96,3.23
519,San Nicolas,PH,2021-12-02 23:34:34,18.1725,120.5953,22.95,64,40,4.63
520,Alexandria,EG,2021-12-02 23:30:42,31.2156,29.9553,16.98,67,40,2.06
521,Pyshchug,RU,2021-12-02 23:34:34,58.8873,45.7134,-7.06,89,100,3.03
522,Najran,SA,2021-12-02 23:34:34,17.4924,44.1277,12.36,29,0,0.42
523,Tigre,AR,2021-12-02 23:34:34,-34.426,-58.5796,22.32,73,0,4.63
524,Otane,NZ,2021-12-02 23:34:35,-39.8833,176.6333,23.55,44,38,4.05
525,Humboldt,US,2021-12-02 23:34:35,40.6665,-123.9178,6.74,82,2,1.46
526,Evensk,RU,2021-12-02 23:34:35,61.95,159.2333,-10.79,86,100,3.22
527,Soria,ES,2021-12-02 23:34:36,41.6667,-2.6667,1.59,90,84,5.13
528,Buala,SB,2021-12-02 23:34:36,-8.145,159.5921,30.03,65,96,0.68
529,Ponta Delgada,PT,2021-12-02 23:34:36,37.7333,-25.6667,15.28,88,40,1.54
530,Kashi,CN,2021-12-02 23:34:37,39.4547,75.9797,-3.44,54,4,5.0
531,Kedrovyy,RU,2021-12-02 23:34:37,56.1667,91.8167,-4.77,75,100,3.18
532,Mezen,RU,2021-12-02 23:34:37,65.8522,44.24,-12.56,85,97,4.84
533,Hornepayne,CA,2021-12-02 23:34:37,49.2138,-84.7705,-13.36,88,70,2.88
534,Magistralnyy,RU,2021-12-02 23:34:38,56.1725,107.4458,-6.91,96,100,2.73
535,Santa Ines,BR,2021-12-02 23:34:38,-3.6667,-45.38,26.73,72,69,1.57
536,Oranzherei,RU,2021-12-02 23:34:38,45.8476,47.5663,-1.02,79,45,3.69
537,Lagoa,PT,2021-12-02 23:34:39,39.05,-27.9833,17.75,84,72,6.0
538,Haverfordwest,GB,2021-12-02 23:34:39,51.8017,-4.9691,8.98,93,99,1.79
539,Brownwood,US,2021-12-02 23:34:39,31.7093,-98.9912,25.62,54,94,4.54
540,Penzance,GB,2021-12-02 23:34:39,50.1186,-5.5371,9.87,91,99,10.19
541,Kalianget,ID,2021-12-02 23:34:40,-7.05,113.9333,26.29,87,100,4.81
542,Hami,CN,2021-12-02 23:34:40,42.8,93.45,-3.62,58,0,1.93
543,Nicoya,CR,2021-12-02 23:34:40,10.1483,-85.452,27.75,77,46,4.01
544,Bilibino,RU,2021-12-02 23:34:41,68.0546,166.4372,-16.32,97,100,3.11
545,Nkowakowa,ZA,2021-12-02 23:34:41,-23.8878,30.2871,19.03,67,82,0.72
546,Haines Junction,CA,2021-12-02 23:34:41,60.7522,-137.5108,-16.03,60,98,7.2
547,Iqaluit,CA,2021-12-02 23:34:42,63.7506,-68.5145,-7.15,73,75,3.09
548,Muisne,EC,2021-12-02 23:34:42,0.6,-80.0333,23.83,86,98,3.99
549,Skjervoy,NO,2021-12-02 23:34:42,70.0311,20.9714,-1.14,68,95,5.78
550,Resplendor,BR,2021-12-02 23:34:43,-19.3256,-41.2553,22.59,95,41,0.73
